{
  "marketing_stripe": {
    "text": "",
    "link": "",
    "background": "#1b09eb",
    "color": "#0a4be0"
  },
  "contacts_stripe": {
    "pages": [
      {
        "title": "Somos uma empresa especializada em Certificado Digital e serviço bancário, sempre prestando um atendimento de excelência aos nossos  clientes, a mais de 7 anos; Com o comprometimento de estar sempre inovando e levando mais segurança para nossos parceiros.   ",
        "link": "https://www.cordeiroscertificado.com.br/"
      }
    ],
    "phone_wpp": true,
    "socials": true
  },
  "categories_list": {
    "featured": [],
    "random": 6,
    "full_width": false
  },
  "desktop_megamenu": true,
  "search_input": true,
  "alphabetical_order_submenu": true,
  "full_width_submenu": true
}