{
  "meta_title": "",
  "meta_description": "",
  "sections": [
    {
      "type": "banner-slider",
      "autoplay": 5000,
      "full_width": true,
      "slides": [
        {
          "img": "/img/uploads/58373160_309629589706177_3003455198275305472_n.jpg",
          "link": "https://www.cordeiroscertificado.com.br/",
          "alt": "",
          "start": "2020-04-11T05:54:06.750Z",
          "end": "2020-12-31T03:00:00.000Z",
          "mobile_img": "/img/uploads/58373160_309629589706177_3003455198275305472_n.jpg"
        },
        {
          "start": "",
          "end": "",
          "img": "/img/uploads/58373160_309629589706177_3003455198275305472_n.jpg",
          "alt": "Banner sample two",
          "mobile_img": "/img/uploads/58373160_309629589706177_3003455198275305472_n.jpg"
        }
      ]
    },
    {
      "type": "info-bar",
      "enabled": true
    },
    {
      "type": "collection-shelf",
      "shuffle": true,
      "collection_id": null,
      "sort": "offers",
      "title": "",
      "headless": true,
      "limit": 20,
      "page": 1
    },
    {
      "type": "page-title",
      "title": "Trabalhamos com todos os tipos de certificados digitais, pessoa jurídica e física.",
      "description": "Conferira essas super OFERTAS que temos para você:"
    },
    {
      "type": "info-bar",
      "enabled": true
    }
  ]
}