{
  "shipping": {
    "show": true,
    "text": "Entregamos para todo o Brasil",
    "title": "Cordeiros Certificado ",
    "link": "https://calendly.com/cordeiroscontato/30min"
  },
  "installments": {
    "show": true,
    "text": "Parcele em até 3x sem juros"
  },
  "exchange": {
    "show": true,
    "text": "Agende aqui sua videoconferência ou visita presencial",
    "link": "https://calendly.com/d/zkb-3yd-kwj/agende-aqui-sua-videoconferencia-ou-visita-presencial"
  },
  "promo": {
    "show": true,
    "text": "Agende aqui sua videoconferência ou visita presencial",
    "title": "Agendamento:",
    "link": "https://calendly.com/d/zkb-3yd-kwj/agende-aqui-sua-videoconferencia-ou-visita-presencial"
  }
}